created_at,conversation_id,public_metrics/retweet_count,public_metrics/reply_count,public_metrics/like_count,public_metrics/quote_count,text,id,author_id,in_reply_to_user_id
2021-06-18T20:05:07.000Z,1405979911282642947,1,0,12,0,Ritmo de vacina√ß√£o no Brasil: Paran√° precisa vacinar 56% da popula√ß√£o para conter pandemia https://t.co/URWyn4kh0L,1405979911282642947,23978439,
2021-06-11T15:59:46.000Z,1403381454218858498,2,0,23,2,SESA informa que vacina√ß√£o do ensino superior pode come√ßar no s√°bado https://t.co/Rkw41lxHn8,1403381454218858498,23978439,
2021-03-25T14:14:42.000Z,1375088755606978562,1,1,13,0,A data foi definida em acordo com a dire√ß√£o da PCPR e com a Presid√™ncia da Comiss√£o do Concurso P√∫blico e levou em conta as perspectivas de melhora no quadro epidemiol√≥gico brasileiro em rela√ß√£o √† Covid-19 com a vacina√ß√£o progressiva da popula√ß√£o.,1375088757196656642,23978439,23978439
2021-03-12T20:57:44.000Z,1370479144279146496,20,2,240,2,"UFPR em luto pelas v√≠timas da Covid-19 

A Universidade Federal do Paran√° participa, juntamente com outras universidades p√∫blicas, de uma a√ß√£o de luto e respeito pelas v√≠timas da Covid-19 e em favor da vacina√ß√£o da popula√ß√£o contra a doen√ßa. üëá https://t.co/WK0QjL0JVt",1370479144279146496,23978439,
2021-02-03T22:45:03.000Z,1357095895460937730,4,1,37,0,"Junto com mais 13 institui√ß√µes ligadas √† ci√™ncia no Paran√°, a UFPR aderiu √† campanha para a vacina√ß√£o contra a Covid-19 na regi√£o Sul do Pa√≠s!",1357097798282473472,23978439,23978439
2021-02-03T22:37:29.000Z,1357095895460937730,15,1,141,0,"#TodosPelasVacinas #VacinaSim #CienciaPR 
Adicione o filtro tamb√©m: https://t.co/kLSNY6EAJe https://t.co/hwZ5zpimJN",1357095895460937730,23978439,
2021-01-21T22:25:34.000Z,1352381853387399178,47,5,188,33,"J√° conhece a campanha nacional em prol da vacina√ß√£o #TodosPelasVacinas?
Ent√£o acesse https://t.co/LjxxcrzdjS e baixe as artes, v√≠deos e efeitos pra compartilhar nas redes sociais e grupos de Whatsapp!
Vacina salva vidas!! üíâüíâüíÉ https://t.co/pL8BHxre7O",1352381853387399178,23978439,
2021-01-21T19:11:19.000Z,1352332967201353728,5,0,19,0,#TodosPelasVacinas https://t.co/8IyiMo52ku,1352332967201353728,23978439,
2021-01-21T18:23:49.000Z,1352321014752038912,41,7,251,7,"Ningu√©m se transformar√° em um r√©ptil ou ter√° um chip implantado ao se vacinar. Tudo isso √© decorrente do turbilh√£o de not√≠cias falsas espalhadas pelo pa√≠s, em uma verdadeira pandemia de desinforma√ß√£o.
Portanto, ou√ßa a CI√äNCIA.
√çntegra: https://t.co/OAcscc99Kv

#TodosPelasVacinas https://t.co/Z5MR0E8S3r",1352321014752038912,23978439,
2021-01-18T17:54:17.000Z,1351226415358865414,7,0,67,0,"ATEN√á√ÉO: Medidas como uso de m√°scara, distanciamento social, e higieniza√ß√£o das m√£os continuar√£o mesmo com a vacina√ß√£o.",1351226420819861504,23978439,23978439
